{
  "products": [
    {
      "id": 1234567890,
      "name": "Crochet Keychain - Letter R",
      "normalPrice": 150,
      "specialPrice": 120,
      "specialPriceStart": "2024-01-01",
      "specialPriceEnd": "2024-12-31",
      "description": "Beautiful handmade blue crochet keychain with letter R",
      "image": "data:image/jpeg;base64,YOUR_IMAGE_BASE64_HERE"
    },
    {
      "id": 1234567891,
      "name": "Product Name 2",
      "normalPrice": 200,
      "specialPrice": null,
      "specialPriceStart": null,
      "specialPriceEnd": null,
      "description": "Product description here",
      "image": "data:image/jpeg;base64,YOUR_IMAGE_BASE64_HERE"
    }
  ]
}